Topic,Researchers
Advanced Research Methods and Techniques,"Yoonsun Choi, Anna Ortega-Williams"
African American families and Education,Reuben Jonathan Miller
Aging and Elder Care,"Jamie Mitchell, Erin M. Kerrison"
Aging and Gerontology,"J. Camille Hall, Bonnie Duran"
Asset-Based Interventions and HIV/AIDS,"Yessenia Castro, Farya Phillips, Trenette Goings, Qiana L. Brown, Charles Lea"
Bangladeshi Social Issues,"Patricia Bamwine, Ashley N. Jackson, Kristian Jones"
Behavioral Health and Technology,Linda M. Chatters
Black Community and Intervention Research,"Tyreasa Washington, Mercedes Hernandez, Vijayan Pillai, Ashley E. Cureton, Husain Lateef, Michael S. Spencer, Linda Lausell Bryant"
Black Youth and Justice,"Lailea Noel, John Wallace, Robynn J.A. Cox, John Wallace"
Child Welfare,
Child Welfare - Community,"David Huh, Fiona Conway, Luis Parra, Adrian Aguilera, Kiara L. Moore, Darren Whitfield"
Child Welfare - Development,"Carmela Alcántara, Aimee Hilado, Nadine Finigan-Carr, Rosalba Hernandez"
Child Welfare - Latinx Challenges,"Rona Carter, Mashura Akilova, Mingway Chang, Miriam G. Valdovinos, Kyndra Cleveland"
Child Welfare - Mental Health,"Javonda Williams, Fernanda L. Cross, Larry M. Gant, Anh-Luu Huynh-Hohnbaum, Joy (Jeounghee) Kim"
Childhood Maltreatment - Long-Term Effects,"Robert Joseph Taylor, Leon Banks"
"Children, Adolescents and Families",Mieko Yoshihama
Client-Centered Practices,"Ruben Parra-Cardona, Ga-Young. Choi, Chi-Fang Wu"
Community Organizational Interventions,
"Community Engagement, Welfare, and Social Justice",Emiko Tajima
Criminal Justice and Community Safety,Qi Wu
Cross-Disciplinary Health Studies,"Michelle Johnson-Jennings, Michelle Johnson-Jennings"
Cultural and Diversity Aspects,Yu-Ling Chang
"Cultural, Ethnic, and Racial Groups",Marci A. Ybarra
Culture - Communication,"Yodit Betru, Qin Gao, Haksoon Ahn"
Culture - Ethnicity,Tawandra L. Rowell-Cunsolo
Development and Welfare,"Fengyan Tang, Quenette Walton, Tricia Stephens"
Economic Development - Child Health,Ruby M. Gourdine
Economic Issues - Work Environment,"Luiz Zayas, Gino Aisenberg, Victor Figuereo, Rocío Calvo, Jorge Delva, Victor Figuereo"
Economic Studies - International Welfare,Deborah Salvo
Education - Pedagogy,"JaNeen Cross, David Córdova, Michael Lambert, Alejandro Olayo-Méndez, S.J., Tyrone M. Parchment, Christina Lee, Smitha Rao"
Education - Social Development,Kim Thuy Seelinger
Education - Training,Ruth G. McRoy
Education - Youth,"Stan L. Bowie, Juan Rios, Nancy Mendoza, Johnny Kim, Adrienne Baldwin-White, Tiffany Washington, Shiyou Wu"
Educational and Community Development,"Christiana I Awosan, Proscovia Nabunya, Gina Chowa, Arati Maleku"
Educational Systems - Criminal Justice,
Environmental and Societal Aspects,"Lani Valencia Jones, Darrell Hudson, Elwin Wu, Kevin Tan, Rahbel Rahman"
"Families, Children, and Relationships","Jane J. Lee, Michele A. Rountree, Ijeoma Ogbonnaya"
"Families, Children, and Youth","Ramesh Raghavan, Felicia Mitchell"
Gender and Sexuality,"David Takeuchi, Danielle R. Eugene, David Takeuchi, Doris F. Chang"
Global Health - Technology,Robert L. Cosby 
Global Perspectives,"Kirk ""Jae"" James"
Health Mental Health Disparities,Marianne R.M. Yoshioka
Health and mental health disparities,"Aisha Bonner, Jinyu Liu"
integrated behavioral health care,"Karen Lincoln, Sana Malik, Leopoldo J. Cabassa, Tyriesa Howell, Vetta Thompson, Anu Manchikanti Gómez, Tina Sacks, Ernest Gonzales, Kaipeng Wang, Michael A. Robinson"
Health and Wellness,"Iris Carlton-Laney, Cathy Scott, Shantá R. Robinson, Iris Carlton-LaNey, John Eason"
Social work practice in healthcare settings,Nabila El-Bassel
Health Disparities,"Karina Walters, Angela S. García, David Huh"
Health Disparities - Equity,Liwei Zhang
Health Disparities - Tech Integration,"Lydia W. Li, Qingwen Xu"
"Health Disparities, Inequities, and Social Determinants","Julian Chun-Chung Chow, Minchao Jin"
"Health, Mental Health, and Wellbeing","S Simmons, Hyeouk Chris Hahm, Antoinette Farmer, Amy Sui Jun He, Christabel Cheung, ‪Matt Ignacio‬, Sameena V. Azhar"
Immigrant and Refugee Experience,"Carolyn Gentle-Genitty, Rob Eschmann, Felix Muchomba"
Immigrants and Refugees,"Abril N. Harris, Indrani Saran, David B. Miller, Rebecca Kim, Laura Cuesta"
Immigration and Refugee Concerns,"Maxine Davis, Mee Young Um, Rong Zhao"
"Incarceration, Vulnerable Communities, and Substance Use",Jalana Harris
Indigenous Integration and Community,Marquisha Lawrence Scott
Inequality and Youth Wellbeing,"Namkee G. Choi, Sharvari Karandikar, Derek Tice-Brown"
"Innovation, Technology and Environment","Rachel W. Goode, Camille Quinn"
International and Cross-Cultural Development,"Diana Parra Perez, Ryan Wade"
International Studies and Migration,"Giovanna (Odessa Gonzalez) Gonzalez Benson, Sean Joe, Wen-Jui Han, Joyce Lee, Susan Yoon"
Interventions and Therapies,"Jack Kirkland, Ce Shen, Yoosun Park, Hyunil Kim, Willie F. Tolliver"
Intimate Partner Violence,"Anao Zhang, Desmond Upton Patton"
Gender-Based Issues,Kurt Organista
"Justice, Rights and Reform",
Juvenile Justice and Diversity,"Jooyoung Kong, Hyunsung Oh"
LGBTQ and Mental Health,"Ora Nakash, Flávia Andrade, Tuyet Mai Hoang"
Mental and Behavioral Health,Cecilia Mengo
Mental Health,Maya Williams
Mental Health - Psychology,"Sunggeun (Ethan) Park, Hyun-Jun Kim, MICHAEL A. LEWIS"
Mental Health - Well-being,"Lynn Lavallee, Sheretta Butler-Barnes, Eve L. Ewing"
Mental Health - Minority Communities,"Lorraine M. Gutiérrez, Rogério Meireles Pinto"
"Mental Health, Trauma, and Clinical Social Work","Rodrigo Reis, Shanta Pandey, María Piñeros-Leaño, Natasha Mendoza"
"Mental Health, Trauma, and Violence","Carmen Foster, Soleman Abu-Bader, Shenyang Guo, Geetha Gopalan"
"Mental Health, Well-being, and Behavioral Interventions",Daphne C. Watkins
Methodologies and Research Techniques,
"Methodologies, Theories, and Frameworks","Saltanat Childress, Yoonsook Ha"
"Migration, Displacement, and Transitions","Charles H. Lea III, Neeraj Kaushal, Rose Perez"
"Migration, Immigration, and Socioeconomic Factors","Rohini Pahwa, Rufina Lee"
Miscellaneous,"Dorie Gilbert, Carmen R. Valdez, James Huguley, Katrina R. Ellis, Fred Ssewamala, Jane J. Lee, Dawn Belkin Martinez, Woojin Jung, Theda Rose, Llewellyn J. Cornelius, Samira Ali"
Mobile Technology and Latino Mental Health,"Funke Oba, Margaret Lombe"
Natural Disasters and Environmental Concerns,"Evaon Wong Kim, Monit Cheung"
"Nonprofit, Community, and Policy Work",
"Pedagogy, Training and Skills Development",Rainier Masa
Physical Activity and Urban Health,"Jaclynn M. Hawkins, Jason Purnell, Gina E. Miranda Samuels, Lissette Piedra, George Patterson"
Policy and Socio-Economic Issues,"Renee Cunningham-Williams, Daniel Jacobson López, Shantha Balaswamy, Mo Yee Lee, Maria Y. Hernandez, Nalini Negi"
"Policy, Practice, and Education",Val Kalei Kanuha
"Policy, Social Development, and Economic Factors","Debra J. Woody, Gloria Cain, Cudore Snell, Von Nebbitt"
"Policy, Systems, and Social Justice","Anamika Barman Adhikari, Jaih Craddock"
Qualitative and Computational Research,"Monique Constance-Huggins, Amelia Gavin, Kelli Rogers, William Elliott III, Njeri Kagotho"
"Race, Ethnicity, and Cultural Competency",Binta Alleyne-Green
"Race, Ethnicity, and Minority Well-being",
"Race, Ethnicity, Gender, and Sexual Minorities",Shveta Kumaria
"Race, Identity, and Socio-cultural Experiences",Ronald B. Mincy
Racial - Ethnic Health Disparities,Junrong Shi
Racial - Ethnic Identity in Education,Edward C. Chang
Racial - Ethnic Issues,"Robert O. Motley Jr., Javier F. Boyas, Christina Miyawaki"
Racial - Ethnic Studies,
"Racial, Ethnic, and Gender Issues","June Ying Yee, Suzie S. Weng, Annalisa Enrile, Zhiying Ma, David Camacho, Patricia Dempsey"
Research and Evaluation,
Research and Methodologies,"Bonnie Duran, Emmeline Chuang, Judith C. Scott"
"Research, Evaluation, and Methodologies","Michael Spencer, Shanea Thomas, Patrick Leung, Min Zhan"
School and Social Work,Din Chen
Sexual and Reproductive Health,"James M. Ellis, Waldo E. Johnson"
Sexual Violence and Assault,"Janelle R. Goodwill, Adrian Gale"
Social Determinants and Community Engagement,"Ahmed Whitt, Ijeoma Opara, Meirong Liu, Amelia Gavin, Fuhua Zhai"
Social Determinants of Health,"Rowena Fong, Altaf Husain, Jacquelyn Meshelemiah, Flavio Marsiglia"
Social Interventions and Strategies,"Esther Calzada, Emiko A. Tajima, Lance Keene, Michael Myungkook Joo, Kristina Lopez"
Social Issues and Dynamics,"Stephen Broyles, Melvin Delgado"
Social Justice and BIPOC Communities,"Miwa Yasui, Y. Joon Choi"
Social Justice and Inequalities,"Jandel Crutchfield, Janice Berry Edwards, Travis Albritton"
"Social Justice, Equity, and Empowerment","Praveen Kumar, Rosalyn Denise Campbell"
Social Policies and Welfare,"Ling Xu, Osagie K. Obasogie, Robert L. Hawkins"
Social Policy and Welfare,"Philip Baiden, Xiaoling Xiang, James Huguley"
"Social Work History, Theory, and Critical Approaches","Diane McDaniel Rhodes, Eusebius Small, Gautam N. Yadama, Alexis Jemal"
Social Work Methods and Interventions,"Cynthia Harris, Reiko Boyd, Sheara Jennings"
Substance and Addiction,"Courtney D. Cogburn, Tony B. Lowe, Juan Barthelemy"
Systems and Services,"Kendall Moody, Ifrah Magan"
Theoretical and Conceptual Frameworks,"Siyon Rhee, Ericka Lewis, Moses Okumu, Samuel Aymer, Keith T Chan"
Trauma and Violence,"Trina R. Shanks, Sehun Oh, Marah Curtis"
Violence and Immigrant Rights,"Tamara J. Cadet, Michael A. Lindsey"
"Violence, Crime, and Justice","Phillipe Copeland, Darcey Merritt, Brenda Jones Harden"
Vulnerable and Oppressed Populations,"Andrea Joseph, Yolanda C. Padilla, Abigail Williams-Butler, Michele D. Hanna, Wendy Shaia, David Okech"
Vulnerable Populations,Vivien (Wen Li) Anthony
Wellbeing - Nutrition,"E. Roberto Orellana, Zhen Cong, E. Roberto Orellana, Deborah Moon"
Youth - Adolescent Development,"Yang Xiong, Robyn Brown-Manning"
Youth Behavior - Housing,"Shetal Vohra-Gupta, Valire Copeland, Ruopeng An, David Ansong, Edwina S. Uehara, Chien-Chung Huang, Valire Copeland, Stephanie Pena"
